mean,std
49621.3725,16496.60505902447
44.20697720085446,515.8292140598948
1.1890343765320572,5.17451398129592
-0.4305171359582946,5.169316743247104
3.189743124999993,4.109289085521998
-228.84622940125007,481.68392362777837
495.05169613919884,105.18574767022244
3.0011249149410424,4.370491416185209
1030.4244099475857,43.696380367339685
5.948956699449693,3.1172270923556735
-0.05321173453023755,0.9589303432808423
-243.3744090125,8.780894559533113
21.958012499999985,97.6010874237569
